{"cameraMode":{"drawMode":0,"name":"Shaded","section":"Shading Mode"},"sceneLighting":true,"audioPlay":false,"sceneViewState":{"m_AlwaysRefresh":false,"showFog":true,"showSkybox":true,"showFlares":true,"showImageEffects":true,"showParticleSystems":true,"showVisualEffectGraphs":true,"m_FxEnabled":true},"in2DMode":false,"pivot":{"x":0.5019969940185547,"y":2.6891260147094728,"z":-1.5620613098144532},"rotation":{"x":-0.05248767137527466,"y":0.9380893111228943,"z":-0.16374418139457704,"w":-0.3007016181945801},"size":14.520124435424805,"orthographic":false}